{"cameraMode":{"drawMode":0,"name":"Shaded","section":"Shading Mode"},"sceneLighting":true,"audioPlay":false,"sceneViewState":{"showFog":false,"showMaterialUpdate":false,"showSkybox":false,"showFlares":false,"showImageEffects":false,"showParticleSystems":false},"in2DMode":false,"pivot":{"x":6.488864421844482,"y":50.47849655151367,"z":70.12812042236328},"rotation":{"x":-0.01547184120863676,"y":0.9755569696426392,"z":-0.2067185789346695,"w":-0.0730084553360939},"size":0.8660253882408142,"orthographic":false}